name,accuracy,parameters,model_size,inference_time,training_time,accuracy_per_million_params,accuracy_per_mb,accuracy_per_inference_ms,accuracy_per_training_hour,accuracy_per_million_params_normalized,accuracy_per_mb_normalized,accuracy_per_inference_ms_normalized,accuracy_per_training_hour_normalized,efficiency_score
banana_leaf_cnn,0.7402597402597403,205191,0.7994098663330078,0.01,300,360.7661838285988,92.60077607690826,7.402597402597403,888.3116883116883,1.0,1.0,0.24000000000000005,0.23999999999999996,0.62
densenet121,0.987012987012987,6961031,27.139546394348145,0.01,300,14.179120693658554,3.636807235726438,9.870129870129869,1184.4155844155844,0.037987594623292355,0.037930787091329764,1.0,1.0,0.5189795954286556
efficientnet_b3,0.8961038961038961,10706991,41.381160736083984,0.01,300,8.369334541365506,2.165487579768399,8.96103896103896,1075.3246753246754,0.02186152719152654,0.022019723749814812,0.7200000000000001,0.7200000000000002,0.37097031273533543
resnet50,0.8961038961038961,23522375,90.03722953796387,0.01,300,3.809580861217866,0.9952592951852846,8.96103896103896,1075.3246753246754,0.009205141329668015,0.00936470600120035,0.7200000000000001,0.7200000000000002,0.3646424618327172
mobilenet_v3_large,0.8441558441558441,4210999,16.263418197631836,0.01,300,20.046450834014543,5.1905192001935,8.44155844155844,1012.9870129870129,0.05427338535768429,0.05473285276142238,0.5599999999999997,0.5599999999999999,0.30725155952977656
vgg16,0.6623376623376623,134289223,512.2843341827393,0.01,300,0.4932172869431692,0.1292910241720171,6.623376623376624,794.8051948051948,0.0,0.0,0.0,0.0,0.0
