perturbation,accuracy,precision,recall,f1
No Perturbation,0.8441558441558441,0.8998015873015874,0.8441558441558441,0.8176047250457414
Brightness (factor=0.5),0.1038961038961039,0.033755760368663595,0.1038961038961039,0.05082032813125249
Brightness (factor=0.75),0.16883116883116883,0.07863408521303258,0.16883116883116883,0.08712958867757628
Brightness (factor=1.25),0.2987012987012987,0.2883651436283015,0.2987012987012987,0.19996511425082855
Brightness (factor=1.5),0.2987012987012987,0.2316938380768168,0.2987012987012987,0.20337363785639648
Brightness (factor=2.0),0.24675324675324675,0.22987012987012986,0.24675324675324675,0.14764996907854053
