perturbation,accuracy,precision,recall,f1
No Perturbation,0.7662337662337663,0.7547746371275783,0.7662337662337663,0.7443548170256244
Occlusion (size=10px),0.6753246753246753,0.6925574425574426,0.6753246753246753,0.64677274071684
Occlusion (size=20px),0.6883116883116883,0.730660643704122,0.6883116883116883,0.6709754652849281
Occlusion (size=30px),0.6363636363636364,0.6934731934731934,0.6363636363636364,0.597358240215383
Occlusion (size=40px),0.6103896103896104,0.638906067477496,0.6103896103896104,0.5517110959216223
Occlusion (size=50px),0.5714285714285714,0.6683150183150183,0.5714285714285714,0.5466881937265212
