perturbation,accuracy,precision,recall,f1
No Perturbation,0.7792207792207793,0.7435064935064936,0.7792207792207793,0.7442750486228747
JPEG Compression (quality=90),0.16883116883116883,0.05,0.16883116883116883,0.0769982411569279
JPEG Compression (quality=80),0.16883116883116883,0.05,0.16883116883116883,0.0769982411569279
JPEG Compression (quality=70),0.16883116883116883,0.049659863945578225,0.16883116883116883,0.07639208467556373
JPEG Compression (quality=60),0.18181818181818182,0.05217196596506942,0.18181818181818182,0.08051948051948052
JPEG Compression (quality=50),0.18181818181818182,0.05221992178513918,0.18181818181818182,0.08020050125313284
JPEG Compression (quality=40),0.18181818181818182,0.05201166180758018,0.18181818181818182,0.07936507936507936
JPEG Compression (quality=30),0.16883116883116883,0.04638218923933209,0.16883116883116883,0.07007575757575757
JPEG Compression (quality=20),0.16883116883116883,0.04653159340659341,0.16883116883116883,0.06571428571428573
JPEG Compression (quality=10),0.15584415584415584,0.037739872068230276,0.15584415584415584,0.053898482469911045
