perturbation,accuracy,precision,recall,f1
No Perturbation,0.8441558441558441,0.8998015873015874,0.8441558441558441,0.8176047250457414
Gaussian Noise (std=0.05),0.7402597402597403,0.6762703461951584,0.7402597402597403,0.6890264121843068
Gaussian Noise (std=0.1),0.6753246753246753,0.6413380736910149,0.6753246753246753,0.616162570552578
Gaussian Noise (std=0.2),0.5844155844155844,0.5995834231128349,0.5844155844155844,0.5178981937602628
Gaussian Noise (std=0.3),0.5454545454545454,0.6040548340548342,0.5454545454545454,0.4502869519554725
Gaussian Noise (std=0.5),0.44155844155844154,0.3900296960889619,0.44155844155844154,0.3787227711597459
