perturbation,accuracy,precision,recall,f1
No Perturbation,0.8441558441558441,0.8998015873015874,0.8441558441558441,0.8176047250457414
Occlusion (size=10px),0.8441558441558441,0.8998015873015874,0.8441558441558441,0.8176047250457414
Occlusion (size=20px),0.8441558441558441,0.8998015873015874,0.8441558441558441,0.8176047250457414
Occlusion (size=30px),0.8571428571428571,0.9049369747899161,0.8571428571428571,0.8297459154602012
Occlusion (size=40px),0.8311688311688312,0.8846288515406162,0.8311688311688312,0.8050599770115953
Occlusion (size=50px),0.8441558441558441,0.8998015873015874,0.8441558441558441,0.8176047250457414
