perturbation,accuracy,precision,recall,f1
No Perturbation,0.8441558441558441,0.8998015873015874,0.8441558441558441,0.8176047250457414
Gaussian Blur (kernel=3),0.23376623376623376,0.1345652688936271,0.23376623376623376,0.1402930402930403
Gaussian Blur (kernel=5),0.23376623376623376,0.07663865546218487,0.23376623376623376,0.11290322580645161
Gaussian Blur (kernel=7),0.12987012987012986,0.024630541871921183,0.12987012987012986,0.041407867494824016
Gaussian Blur (kernel=9),0.14285714285714285,0.020676691729323307,0.14285714285714285,0.03612479474548439
Gaussian Blur (kernel=11),0.14285714285714285,0.02040816326530612,0.14285714285714285,0.03571428571428571
