variant,description,val_accuracy,train_accuracy,val_loss,train_loss,parameters,model_size_mb,training_time_s,inference_time_ms
banana_leaf_cnn,Base model,77.92207792207792,83.57142857142857,0.5347397003274459,0.46341570615768435,205191,0.7996482849121094,23.091063022613525,5.897809932758282
banana_leaf_cnn_dropout_0.3,Dropout rate changed to 0.3,93.50649350649351,83.85714285714286,0.20403918609410138,0.45219504152025497,205191,0.8002815246582031,22.52923893928528,5.519603754018808
banana_leaf_cnn_dropout_0.7,Dropout rate changed to 0.7,84.41558441558442,75.71428571428571,0.43358868902379816,0.6183802029064723,205191,0.8002815246582031,22.505918741226196,5.539785731922497
banana_leaf_cnn_leaky_relu,ReLU activation changed to LeakyReLU,85.71428571428571,82.28571428571429,0.5079418114059931,0.44163100276674544,205191,0.8002338409423828,22.478952646255493,5.515600179697012
banana_leaf_cnn_instance_norm,Batch normalization changed to instance normalization,72.72727272727273,78.71428571428571,0.5815699866839817,0.5834904442514692,204487,0.7860393524169922,22.478498220443726,5.421790209683505
banana_leaf_cnn_group_norm,Batch normalization changed to group normalization (one group per channel),66.23376623376623,72.85714285714286,0.792701286154908,0.7299566078186035,205191,0.7920856475830078,22.53394055366516,5.408547141335227
banana_leaf_cnn_no_dropout,Dropout layers removed,89.6103896103896,85.71428571428571,0.28714419127284707,0.419705491406577,205191,0.8002338409423828,22.472285509109497,5.367873551009537
