variant,description,val_accuracy,train_accuracy,val_loss,train_loss,parameters,model_size_mb,training_time_s,inference_time_ms
mobilenet_v3_large,Base model,84.41558441558442,97.57142857142857,1.8423254434745033,0.0691314548626542,4210999,16.26582908630371,24.384871006011963,6.751664273150555
mobilenet_v3_large_dropout_0.3,Dropout rate changed to 0.3,94.8051948051948,98.71428571428571,0.2589974294041658,0.030183522757142783,4210999,16.269506454467773,24.750439643859863,6.69549966787363
mobilenet_v3_large_dropout_0.7,Dropout rate changed to 0.7,85.71428571428571,97.71428571428571,15.752562652934682,0.07864214980176516,4210999,16.269506454467773,24.58693218231201,6.648032696216138
mobilenet_v3_large_leaky_relu,ReLU activation changed to LeakyReLU,87.01298701298701,96.57142857142857,1.2218260040579292,0.109433690022145,4210999,16.26920509338379,24.493478298187256,6.706649606878107
mobilenet_v3_large_instance_norm,Batch normalization changed to instance normalization,37.66233766233766,51.57142857142857,1.4743951775810935,1.055399992125375,4186599,16.0103816986084,25.101659774780273,6.83204849044998
mobilenet_v3_large_group_norm,Batch normalization changed to group normalization (one group per channel),20.77922077922078,32.857142857142854,1.683170123533769,1.5206908021654402,4210999,16.131868362426758,24.751275539398193,6.8072127057360365
mobilenet_v3_large_no_dropout,Layer removal not applicable,83.11688311688312,97.28571428571429,1.1223298334456109,0.08707683431691424,4210999,16.26920509338379,24.663963794708252,6.673466075550427
