model_name,training_time_seconds,peak_memory_mb,avg_memory_mb,peak_gpu_memory_mb,avg_gpu_memory_mb
banana_leaf_cnn,64.58012795448303,1409.0703125,1321.3602294921875,1625.6181640625,747.1170501708984
resnet50,101.71012806892395,1517.109375,1502.6296024133662,3511.12109375,1312.3732982673268
mobilenet_v3_large,69.55577731132507,1609.11328125,1586.9812613224638,2189.61865234375,1054.0823496942935
efficientnet_b3,112.74013328552246,1708.93359375,1637.0751953125,6114.6259765625,1870.6934334891182
densenet121,116.74762916564941,1734.28125,1712.6686422413793,4901.62744140625,1510.5332999393859
vgg16,206.34586238861084,2143.8984375,1762.5361379253927,4649.5458984375,2467.7417810250327
